user_0,pass
user_1,pass
user_2,pass
user_3,pass
user_4,pass
user_5,pass
user_6,pass
user_7,pass
user_8,pass
user_9,pass
user_10,pass
user_11,pass
user_12,pass
user_13,pass
user_14,pass
user_15,pass
user_16,pass
user_17,pass
user_18,pass
user_19,pass
user_20,pass
user_21,pass
user_22,pass
user_23,pass
user_24,pass
user_25,pass
user_26,pass
user_27,pass
user_28,pass
user_29,pass
user_30,pass
user_31,pass
user_32,pass
user_33,pass
user_34,pass
user_35,pass
user_36,pass
user_37,pass
user_38,pass
user_39,pass
user_40,pass
user_41,pass
user_42,pass
user_43,pass
user_44,pass
user_45,pass
user_46,pass
user_47,pass
user_48,pass
user_49,pass
user_50,pass
user_51,pass
user_52,pass
user_53,pass
user_54,pass
user_55,pass
user_56,pass
user_57,pass
user_58,pass
user_59,pass
user_60,pass
user_61,pass
user_62,pass
user_63,pass
user_64,pass
user_65,pass
user_66,pass
user_67,pass
user_68,pass
user_69,pass
user_70,pass
user_71,pass
user_72,pass
user_73,pass
user_74,pass
user_75,pass
user_76,pass
user_77,pass
user_78,pass
user_79,pass
user_80,pass
user_81,pass
user_82,pass
user_83,pass
user_84,pass
user_85,pass
user_86,pass
user_87,pass
user_88,pass
user_89,pass
user_90,pass
user_91,pass
user_92,pass
user_93,pass
user_94,pass
user_95,pass
user_96,pass
user_97,pass
user_98,pass
user_99,pass